{"parent":"item/generated","textures":{"layer0":"item/compass_04"},"overrides":[{"predicate":{"angle":0},"model":"item/compass"},{"predicate":{"angle":0.125},"model":"item/compass_05"},{"predicate":{"angle":0.25},"model":"item/compass_06"},{"predicate":{"angle":0.375},"model":"item/compass_07"},{"predicate":{"angle":0.5},"model":"item/compass_00"},{"predicate":{"angle":0.625},"model":"item/compass_01"},{"predicate":{"angle":0.75},"model":"item/compass_02"},{"predicate":{"angle":0.875},"model":"item/compass_03"},{"predicate":{"angle":1},"model":"item/compass"}]}