{
    "feature": "minecraft:ore_diorite",
    "placement": [
        {
            "type": "minecraft:count",
            "count": 2
        },
        {
            "type": "minecraft:in_square"
        },
        {
            "type": "minecraft:height_range",
            "height": {
                "type": "minecraft:uniform",
                "max_inclusive": {
                    "absolute": 60
                },
                "min_inclusive": {
                    "absolute": 0
                }
            }
        },
        {
            "type": "minecraft:biome"
        }
    ]
}