{
  "type": "minecraft:crafting_shapeless",
  "category": "misc",
  "group": "netherite_ingot",
  "ingredients": [
    {
      "item": "minecraft:netherite_scrap"
    },
    {
      "item": "minecraft:netherite_scrap"
    },
    {
      "item": "minecraft:netherite_scrap"
    },
    {
      "item": "minecraft:netherite_scrap"
    },
    {
      "item": "minecraft:netherite_scrap"
    },
    {
      "item": "minecraft:gold_ingot"
    },
    {
      "item": "minecraft:gold_ingot"
    },
    {
      "item": "minecraft:gold_ingot"
    },
    {
      "item": "minecraft:gold_ingot"
    }
  ],
  "result": {
    "item": "minecraft:netherite_ingot",
    "count": 1
  }
}
