{
    "display": {
      "icon": {
        "id": "minecraft:player_head",
        "components": {
          "minecraft:profile": {
            "id": [
              -243433497,
              1985430612,
              -1217137994,
              -269324471
            ],
            "properties": [
              {
                "name": "textures",
                "value": "eyJ0ZXh0dXJlcyI6eyJTS0lOIjp7InVybCI6Imh0dHA6Ly90ZXh0dXJlcy5taW5lY3JhZnQubmV0L3RleHR1cmUvODQ3YzdlYzdhNjE3MWNiOWJjZmE0Mjk1YjI2ODk4YWI1YTQ2NDQxYzc5NDFkNWFhMGJjZjMzZjQ1ZjgwMmMwMSJ9fX0="
              }
            ]
          }
        }
      },
      "title": "No Enderman Grief                                                                        ",
      "description": [
        "",
        {
            "text": "Enderman no longer pick up blocks\n",
            "color": "white"
        },
        {
            "text": "\n",
            "color": "yellow"
        },
        {
            "text": "/trigger",
            "color": "yellow"
        },
        {
            "text": " help.noendermangrief\n",
            "color": "yellow"
        },
        {
            "text": "for help\n",
            "color": "white"
        },
        {
            "text": "\n",
            "color": "green"
        },
        {
            "text": "Datapack version: ",
            "color": "dark_green"
        },
        {
            "text": "v.2.1.2",
            "color": "green"
        },
        {
            "text": "\n",
            "color": "green"
        },
        {
            "text": "Game version: ",
            "color": "dark_green"
        },
        {
            "text": "1.21",
            "color": "green"
        },
        {
            "text": "\n",
            "color": "green"
        },
        {
            "text": "\n",
            "color": "green"
        },
        {
            "text": "modrinth.com/datapack/no-enderman-grief",
            "color": "dark_purple"
        }
    ],
      "frame": "task",
      "show_toast": false,
      "announce_to_chat": false
    },
    "parent": "jodek:mobs",
    "criteria": {
      "tick": {
        "trigger": "minecraft:tick"
      }
    }
  }
