{
  "parent": "minecraft:recipes/root",
  "criteria": {
    "has_netherite_scrap": {
      "trigger": "minecraft:inventory_changed",
      "conditions": {
        "items": [
          {
            "items": "minecraft:netherite_scrap"
          }
        ]
      }
    },
    "has_the_recipe": {
      "trigger": "minecraft:recipe_unlocked",
      "conditions": {
        "recipe": "minecraft:netherite_ingot"
      }
    }
  },
  "requirements": [
    [
      "has_the_recipe",
      "has_netherite_scrap"
    ]
  ],
  "rewards": {
    "recipes": [
      "minecraft:netherite_ingot"
    ]
  }
}
