{
  "type": "minecraft:block",
  "pools": [
    {
      "rolls": 1,
      "bonus_rolls": 0,
      "entries": [
        {
          "type": "minecraft:alternatives",
          "children": [
            {
              "type": "minecraft:item",
              "name": "minecraft:ancient_debris",
              "conditions": [
                {
                  "condition": "minecraft:survives_explosion"
                },
                {
                  "condition": "minecraft:match_tool",
                  "predicate": {
                    "predicates": {
                      "minecraft:enchantments": [
                        {
                          "enchantment": "minecraft:silk_touch",
                          "levels": {
                            "min": 1
                          }
                        }
                      ]
                    }
                  }
                }
              ]
            },
            {
              "type": "minecraft:item",
              "name": "minecraft:netherite_scrap",
              "functions": [
                {
                  "function": "minecraft:apply_bonus",
                  "enchantment": "minecraft:fortune",
                  "formula": "minecraft:ore_drops"
                }
              ]
            }
          ]
        }
      ]
    }
  ],
  "random_sequence": "minecraft:blocks/ancient_debris"
}
