{
  "display": {
    "icon": {
      "id": "minecraft:player_head",
      "components": {
        "minecraft:profile": {
          "properties": [
            {
              "name": "textures",
              "value": "eyJ0ZXh0dXJlcyI6eyJTS0lOIjp7InVybCI6Imh0dHA6Ly90ZXh0dXJlcy5taW5lY3JhZnQubmV0L3RleHR1cmUvNzE5MGY0MjViYzcwZjg2NmZjMGY1NGUxNGE1NDIxMjgwMjcxYzg2NDBmMmY1Y2VjODE1ZDY3YzE0OTI1MjEyOCJ9fX0="
            }
          ]
        }
      }
    },
    "title": "notblue",
    "description": "",
    "background": "modrinth.com/user/notblue",
    "show_toast": false,
    "announce_to_chat": false
  },
  "parent": "global:root",
  "criteria": {
    "requirement": {
      "trigger": "minecraft:tick"
    }
  }
}
